,uuid,cards url,img_url
0,7c6f0612-6353-11ee-a8f8-b7faa03e0624,https://www.dwell.com/browse/photos/7105402415821197312?filter=6268417501073629186,https://images2.dwell.com/photos/6272473203005894656/7105402415821197312/original.jpg
1,7c6f0613-6353-11ee-a8f8-b7faa03e0624,https://www.dwell.com/browse/photos/7102011819491790848?filter=6268417501073629186,https://images2.dwell.com/photos/6133431940611203072/7102011819491790848/original.jpg
2,7c6f0614-6353-11ee-a8f8-b7faa03e0624,https://www.dwell.com/browse/photos/7094703993429786624?filter=6268417501073629186,https://images2.dwell.com/photos/6567211874477248512/7094703993429786624/original.jpg
3,7c6f0615-6353-11ee-a8f8-b7faa03e0624,https://www.dwell.com/browse/photos/7094703991405916160?filter=6268417501073629186,https://images2.dwell.com/photos/6567211874477248512/7094703991405916160/original.jpg
4,7c6f0616-6353-11ee-a8f8-b7faa03e0624,https://www.dwell.com/browse/photos/7086783755418337280?filter=6268417501073629186,https://images2.dwell.com/photos/6272473203005894656/7086783755418337280/original.jpg
5,7c6f0617-6353-11ee-a8f8-b7faa03e0624,https://www.dwell.com/browse/photos/7085346324401074176?filter=6268417501073629186,https://images2.dwell.com/photos/6696836461368389632/7085346324401074176/original.jpg
6,7c6f0618-6353-11ee-a8f8-b7faa03e0624,https://www.dwell.com/browse/photos/6174303650808807424?filter=6268417501073629186,https://images2.dwell.com/photos/6112627251147177984/6174303650808807424/original.jpg
7,7c6f0619-6353-11ee-a8f8-b7faa03e0624,https://www.dwell.com/browse/photos/7071936768522846208?filter=6268417501073629186,https://images2.dwell.com/photos/6645821216319606784/7071936768522846208/original.jpg
8,7c6f061a-6353-11ee-a8f8-b7faa03e0624,https://www.dwell.com/browse/photos/7071727278591193088?filter=6268417501073629186,https://images2.dwell.com/photos/6133527995429490688/7071727278591193088/original.jpg
9,7c6f061b-6353-11ee-a8f8-b7faa03e0624,https://www.dwell.com/browse/photos/7075243280175865856?filter=6268417501073629186,https://images2.dwell.com/photos/6063391372700811264/7075243280175865856/original.jpg
10,7c6f061c-6353-11ee-a8f8-b7faa03e0624,https://www.dwell.com/browse/photos/7075238244319244288?filter=6268417501073629186,https://images2.dwell.com/photos/6063391372700811264/7075238244319244288/original.jpg
11,7c6f061d-6353-11ee-a8f8-b7faa03e0624,https://www.dwell.com/browse/photos/7071649823015596032?filter=6268417501073629186,https://images2.dwell.com/photos/6604448812773617664/7071649823015596032/original.jpg
12,7c6f061e-6353-11ee-a8f8-b7faa03e0624,https://www.dwell.com/browse/photos/7063928945356451840?filter=6268417501073629186,https://images2.dwell.com/photos/6818593201364905984/7063928945356451840/original.jpg
13,7c6f061f-6353-11ee-a8f8-b7faa03e0624,https://www.dwell.com/browse/photos/7042241557713154048?filter=6268417501073629186,https://images2.dwell.com/photos/6818593201364905984/7042241557713154048/original.jpg
14,7c6f0620-6353-11ee-a8f8-b7faa03e0624,https://www.dwell.com/browse/photos/7046563328369569792?filter=6268417501073629186,https://images2.dwell.com/photos/6539515315049381888/7046563328369569792/original.jpg
15,7c6f0621-6353-11ee-a8f8-b7faa03e0624,https://www.dwell.com/browse/photos/7041873528888602624?filter=6268417501073629186,https://images2.dwell.com/photos/6696836461368389632/7041873528888602624/original.jpg
16,7c6f0622-6353-11ee-a8f8-b7faa03e0624,https://www.dwell.com/browse/photos/7040087585203146752?filter=6268417501073629186,https://images2.dwell.com/photos/6063391372700811264/7040087585203146752/original.jpg
17,7c6f0623-6353-11ee-a8f8-b7faa03e0624,https://www.dwell.com/browse/photos/7034201400465309696?filter=6268417501073629186,https://images2.dwell.com/photos/6818593201364905984/7034201400465309696/original.jpg
18,7c6f0624-6353-11ee-a8f8-b7faa03e0624,https://www.dwell.com/browse/photos/7029482055716876288?filter=6268417501073629186,https://images2.dwell.com/photos/6818593201364905984/7029482055716876288/original.jpg
19,7c6f0625-6353-11ee-a8f8-b7faa03e0624,https://www.dwell.com/browse/photos/7026639186177130496?filter=6268417501073629186,https://images2.dwell.com/photos/6818593201364905984/7026639186177130496/original.jpg
20,7c6f0626-6353-11ee-a8f8-b7faa03e0624,https://www.dwell.com/browse/photos/7001025169782366208?filter=6268417501073629186,https://images2.dwell.com/photos/6272473203005894656/7001025169782366208/original.jpg
21,7c6f0627-6353-11ee-a8f8-b7faa03e0624,https://www.dwell.com/browse/photos/7010799516201463808?filter=6268417501073629186,https://images2.dwell.com/photos/6138941323646095360/7010799516201463808/original.jpg
22,7c6f0628-6353-11ee-a8f8-b7faa03e0624,https://www.dwell.com/browse/photos/7000570465552035840?filter=6268417501073629186,https://images2.dwell.com/photos/6133443737990074368/7000570465552035840/original.jpg
23,7c6f0629-6353-11ee-a8f8-b7faa03e0624,https://www.dwell.com/browse/photos/6996572005667115008?filter=6268417501073629186,https://images2.dwell.com/photos/6133431940611203072/6996572005667115008/original.jpg
24,7c6f062a-6353-11ee-a8f8-b7faa03e0624,https://www.dwell.com/browse/photos/7001799858419662848?filter=6268417501073629186,https://images2.dwell.com/photos/6818593201364905984/7001799858419662848/original.jpg
25,7c6f062b-6353-11ee-a8f8-b7faa03e0624,https://www.dwell.com/browse/photos/6997823248707772416?filter=6268417501073629186,https://images2.dwell.com/photos/6133527995429490688/6997823248707772416/original.jpg
26,7c6f062c-6353-11ee-a8f8-b7faa03e0624,https://www.dwell.com/browse/photos/6976198597481902080?filter=6268417501073629186,https://images2.dwell.com/photos/6575684823601102848/6976198597481902080/original.jpg
27,7c6f062d-6353-11ee-a8f8-b7faa03e0624,https://www.dwell.com/browse/photos/6989777602113310720?filter=6268417501073629186,https://images2.dwell.com/photos/6133527995429490688/6989777602113310720/original.jpg
28,7c6f062e-6353-11ee-a8f8-b7faa03e0624,https://www.dwell.com/browse/photos/6983990616823848960?filter=6268417501073629186,https://images2.dwell.com/photos/6272473203005894656/6983990616823848960/original.jpg
29,7c6f062f-6353-11ee-a8f8-b7faa03e0624,https://www.dwell.com/browse/photos/6970770856101425152?filter=6268417501073629186,https://images2.dwell.com/photos/6063391372700811264/6970770856101425152/original.jpg
30,7c6f0630-6353-11ee-a8f8-b7faa03e0624,https://www.dwell.com/browse/photos/6734113753580982272?filter=6268417501073629186,https://images2.dwell.com/photos/6301044927817658368/6734113753580982272/original.jpg
31,7c6f0631-6353-11ee-a8f8-b7faa03e0624,https://www.dwell.com/browse/photos/6958950242625916928?filter=6268417501073629186,https://images2.dwell.com/photos/6133527995429490688/6958950242625916928/original.jpg
32,7c6f0632-6353-11ee-a8f8-b7faa03e0624,https://www.dwell.com/browse/photos/6961083640066179072?filter=6268417501073629186,https://images2.dwell.com/photos/6575684823601102848/6961083640066179072/original.jpg
33,7c6f0633-6353-11ee-a8f8-b7faa03e0624,https://www.dwell.com/browse/photos/6961083652396580864?filter=6268417501073629186,https://images2.dwell.com/photos/6575684823601102848/6961083652396580864/original.jpg
34,7c6f0634-6353-11ee-a8f8-b7faa03e0624,https://www.dwell.com/browse/photos/6958860596968873984?filter=6268417501073629186,https://images2.dwell.com/photos/6604448812773617664/6958860596968873984/original.jpg
35,7c6f0635-6353-11ee-a8f8-b7faa03e0624,https://www.dwell.com/browse/photos/6943331105584463872?filter=6268417501073629186,https://images2.dwell.com/photos/6063391372700811264/6943331105584463872/original.jpg
36,7c6f0636-6353-11ee-a8f8-b7faa03e0624,https://www.dwell.com/browse/photos/6451021112699568128?filter=6268417501073629186,https://images2.dwell.com/photos/6328431439726800896/6451021112699568128/original.jpg
37,7c6f0637-6353-11ee-a8f8-b7faa03e0624,https://www.dwell.com/browse/photos/6927668696936001536?filter=6268417501073629186,https://images2.dwell.com/photos/6257978536063737856/6927668696936001536/original.jpg
38,7c6f0638-6353-11ee-a8f8-b7faa03e0624,https://www.dwell.com/browse/photos/6923152305711947776?filter=6268417501073629186,https://images2.dwell.com/photos/6575684823601102848/6923152305711947776/original.jpg
39,7c6f0639-6353-11ee-a8f8-b7faa03e0624,https://www.dwell.com/browse/photos/6923020370272206848?filter=6268417501073629186,https://images2.dwell.com/photos/6711721526265430016/6923020370272206848/original.jpg
40,7c6f063a-6353-11ee-a8f8-b7faa03e0624,https://www.dwell.com/browse/photos/6133444251607744512?filter=6268417501073629186,https://images2.dwell.com/photos/6063391372700811264/6133444251607744512/original.jpg
41,7c6f063b-6353-11ee-a8f8-b7faa03e0624,https://www.dwell.com/browse/photos/6133473455338491904?filter=6268417501073629186,https://images2.dwell.com/photos/6063391372700811264/6133473455338491904/original.jpg
42,7c6f063c-6353-11ee-a8f8-b7faa03e0624,https://www.dwell.com/browse/photos/6133579301598769152?filter=6268417501073629186,https://images2.dwell.com/photos/6063391372700811264/6133579301598769152/original.jpg
43,7c6f063d-6353-11ee-a8f8-b7faa03e0624,https://www.dwell.com/browse/photos/6918403837370683392?filter=6268417501073629186,https://images2.dwell.com/photos/6272473203005894656/6918403837370683392/original.jpg
44,7c6f063e-6353-11ee-a8f8-b7faa03e0624,https://www.dwell.com/browse/photos/6909535173832470528?filter=6268417501073629186,https://images2.dwell.com/photos/6676846327473246208/6909535173832470528/original.jpg
45,7c6f063f-6353-11ee-a8f8-b7faa03e0624,https://www.dwell.com/browse/photos/6906286499973713920?filter=6268417501073629186,https://images2.dwell.com/photos/6063391372700811264/6906286499973713920/original.jpg
46,7c6f0640-6353-11ee-a8f8-b7faa03e0624,https://www.dwell.com/browse/photos/6870345262143647744?filter=6268417501073629186,https://images2.dwell.com/photos/6840281642422546432/6870345262143647744/original.jpg
47,7c6f0641-6353-11ee-a8f8-b7faa03e0624,https://www.dwell.com/browse/photos/6870114122960211968?filter=6268417501073629186,https://images2.dwell.com/photos/6407434688244588544/6870114122960211968/original.jpg
48,7c6f0642-6353-11ee-a8f8-b7faa03e0624,https://www.dwell.com/browse/photos/6907802175023714304?filter=6268417501073629186,https://images2.dwell.com/photos/6646900252622606336/6907802175023714304/original.jpg
49,7c6f0643-6353-11ee-a8f8-b7faa03e0624,https://www.dwell.com/browse/photos/6902598047853674496?filter=6268417501073629186,https://images2.dwell.com/photos/6575684823601102848/6902598047853674496/original.jpg
50,7c6f0644-6353-11ee-a8f8-b7faa03e0624,https://www.dwell.com/browse/photos/6900217429350858752?filter=6268417501073629186,https://images2.dwell.com/photos/6272473203005894656/6900217429350858752/original.jpg
51,7c6f0645-6353-11ee-a8f8-b7faa03e0624,https://www.dwell.com/browse/photos/6741743373889855488?filter=6268417501073629186,https://images2.dwell.com/photos/6567211874477248512/6741743373889855488/original.jpg
52,7c6f0646-6353-11ee-a8f8-b7faa03e0624,https://www.dwell.com/browse/photos/6662633391714775040?filter=6268417501073629186,https://images2.dwell.com/photos/6063391372700811264/6662633391714775040/original.jpg
53,7c6f0647-6353-11ee-a8f8-b7faa03e0624,https://www.dwell.com/browse/photos/6133438241690226688?filter=6268417501073629186,https://images2.dwell.com/photos/6063391372700811264/6133438241690226688/original.jpg
54,7c6f0648-6353-11ee-a8f8-b7faa03e0624,https://www.dwell.com/browse/photos/6133480994360856576?filter=6268417501073629186,https://images2.dwell.com/photos/6063391372700811264/6133480994360856576/original.jpg
55,7c6f0649-6353-11ee-a8f8-b7faa03e0624,https://www.dwell.com/browse/photos/6133525186734764032?filter=6268417501073629186,https://images2.dwell.com/photos/6063391372700811264/6133525186734764032/original.jpg
56,7c6f064a-6353-11ee-a8f8-b7faa03e0624,https://www.dwell.com/browse/photos/6133500895704145920?filter=6268417501073629186,https://images2.dwell.com/photos/6063391372700811264/6133500895704145920/original.jpg
57,7c6f064b-6353-11ee-a8f8-b7faa03e0624,https://www.dwell.com/browse/photos/6133442291794034688?filter=6268417501073629186,https://images2.dwell.com/photos/6063391372700811264/6133442291794034688/original.jpg
58,7c6f064c-6353-11ee-a8f8-b7faa03e0624,https://www.dwell.com/browse/photos/6133579646236360704?filter=6268417501073629186,https://images2.dwell.com/photos/6063391372700811264/6133579646236360704/original.jpg
59,7c6f064d-6353-11ee-a8f8-b7faa03e0624,https://www.dwell.com/browse/photos/6133467674899714048?filter=6268417501073629186,https://images2.dwell.com/photos/6063391372700811264/6133467674899714048/original.jpg
60,7c6f064e-6353-11ee-a8f8-b7faa03e0624,https://www.dwell.com/browse/photos/6133433730171015168?filter=6268417501073629186,https://images2.dwell.com/photos/6063391372700811264/6133433730171015168/original.jpg
61,7c6f064f-6353-11ee-a8f8-b7faa03e0624,https://www.dwell.com/browse/photos/6669297327791050752?filter=6268417501073629186,https://images2.dwell.com/photos/6133553759298379776/6669297327791050752/original.jpg
62,7c6f0650-6353-11ee-a8f8-b7faa03e0624,https://www.dwell.com/browse/photos/6496281548902944768?filter=6268417501073629186,https://images2.dwell.com/photos/6191803854900514816/6496281548902944768/original.jpg
63,7c6f0651-6353-11ee-a8f8-b7faa03e0624,https://www.dwell.com/browse/photos/6610851936528723968?filter=6268417501073629186,https://images2.dwell.com/photos/6575684823601102848/6610851936528723968/original.jpg
64,7c6f0652-6353-11ee-a8f8-b7faa03e0624,https://www.dwell.com/browse/photos/6719011756634083328?filter=6268417501073629186,https://images2.dwell.com/photos/6676846327473246208/6719011756634083328/original.jpg
65,7c6f0653-6353-11ee-a8f8-b7faa03e0624,https://www.dwell.com/browse/photos/6133484298520367104?filter=6268417501073629186,https://images2.dwell.com/photos/6063391372700811264/6133484298520367104/original.jpg
66,7c6f0654-6353-11ee-a8f8-b7faa03e0624,https://www.dwell.com/browse/photos/6133518767822254080?filter=6268417501073629186,https://images2.dwell.com/photos/6063391372700811264/6133518767822254080/original.jpg
67,7c6f0655-6353-11ee-a8f8-b7faa03e0624,https://www.dwell.com/browse/photos/6797801772843532288?filter=6268417501073629186,https://images2.dwell.com/photos/6575684823601102848/6797801772843532288/original.jpg
68,7c6f0656-6353-11ee-a8f8-b7faa03e0624,https://www.dwell.com/browse/photos/6819986493528150016?filter=6268417501073629186,https://images2.dwell.com/photos/6063391372700811264/6819986493528150016/original.jpg
69,7c6f0657-6353-11ee-a8f8-b7faa03e0624,https://www.dwell.com/browse/photos/6856358147206676480?filter=6268417501073629186,https://images2.dwell.com/photos/6653783719598043136/6856358147206676480/original.jpg
70,7c6f0658-6353-11ee-a8f8-b7faa03e0624,https://www.dwell.com/browse/photos/6857472051614576640?filter=6268417501073629186,https://images2.dwell.com/photos/6801372012129583104/6857472051614576640/original.jpg
71,7c6f0659-6353-11ee-a8f8-b7faa03e0624,https://www.dwell.com/browse/photos/6857472011546390528?filter=6268417501073629186,https://images2.dwell.com/photos/6801372012129583104/6857472011546390528/original.jpg
72,7c6f065a-6353-11ee-a8f8-b7faa03e0624,https://www.dwell.com/browse/photos/6838277798486134784?filter=6268417501073629186,https://images2.dwell.com/photos/6272473203005894656/6838277798486134784/original.jpg
73,7c6f065b-6353-11ee-a8f8-b7faa03e0624,https://www.dwell.com/browse/photos/6846517989359824896?filter=6268417501073629186,https://images2.dwell.com/photos/6063391372700811264/6846517989359824896/original.jpg
74,7c6f065c-6353-11ee-a8f8-b7faa03e0624,https://www.dwell.com/browse/photos/6828694683018022912?filter=6268417501073629186,https://images2.dwell.com/photos/6063391372700811264/6828694683018022912/original.jpg
75,7c6f065d-6353-11ee-a8f8-b7faa03e0624,https://www.dwell.com/browse/photos/6840757512541970432?filter=6268417501073629186,https://images2.dwell.com/photos/6063391372700811264/6840757512541970432/original.jpg
76,7c6f065e-6353-11ee-a8f8-b7faa03e0624,https://www.dwell.com/browse/photos/6838340652466765824?filter=6268417501073629186,https://images2.dwell.com/photos/6272473203005894656/6838340652466765824/original.jpg
77,7c6f065f-6353-11ee-a8f8-b7faa03e0624,https://www.dwell.com/browse/photos/6843695287270412288?filter=6268417501073629186,https://images2.dwell.com/photos/6063391372700811264/6843695287270412288/original.jpg
78,7c6f0660-6353-11ee-a8f8-b7faa03e0624,https://www.dwell.com/browse/photos/6843694882793967616?filter=6268417501073629186,https://images2.dwell.com/photos/6063391372700811264/6843694882793967616/original.jpg
79,7c6f0661-6353-11ee-a8f8-b7faa03e0624,https://www.dwell.com/browse/photos/6840795221898809344?filter=6268417501073629186,https://images2.dwell.com/photos/6308457958906204160/6840795221898809344/original.jpg
80,7c6f0662-6353-11ee-a8f8-b7faa03e0624,https://www.dwell.com/browse/photos/6842106562635726848?filter=6268417501073629186,https://images2.dwell.com/photos/6133527995429490688/6842106562635726848/original.jpg
81,7c6f0663-6353-11ee-a8f8-b7faa03e0624,https://www.dwell.com/browse/photos/6842495285811269632?filter=6268417501073629186,https://images2.dwell.com/photos/6676846327473246208/6842495285811269632/original.jpg
82,7c6f0664-6353-11ee-a8f8-b7faa03e0624,https://www.dwell.com/browse/photos/6842495296724512768?filter=6268417501073629186,https://images2.dwell.com/photos/6676846327473246208/6842495296724512768/original.jpg
83,7c6f0665-6353-11ee-a8f8-b7faa03e0624,https://www.dwell.com/browse/photos/6840889287123771392?filter=6268417501073629186,https://images2.dwell.com/photos/6272473203005894656/6840889287123771392/original.jpg
84,7c6f0666-6353-11ee-a8f8-b7faa03e0624,https://www.dwell.com/browse/photos/6833754511571345408?filter=6268417501073629186,https://images2.dwell.com/photos/6298174760829353984/6833754511571345408/original.jpg
85,7c6f0667-6353-11ee-a8f8-b7faa03e0624,https://www.dwell.com/browse/photos/6838168849782112256?filter=6268417501073629186,https://images2.dwell.com/photos/6575684823601102848/6838168849782112256/original.jpg
86,7c6f0668-6353-11ee-a8f8-b7faa03e0624,https://www.dwell.com/browse/photos/6838428460310446080?filter=6268417501073629186,https://images2.dwell.com/photos/6575684823601102848/6838428460310446080/original.jpg
87,7c6f0669-6353-11ee-a8f8-b7faa03e0624,https://www.dwell.com/browse/photos/6843944839891779584?filter=6268417501073629186,https://images2.dwell.com/photos/6133527995429490688/6843944839891779584/original.jpg
88,7c6f066a-6353-11ee-a8f8-b7faa03e0624,https://www.dwell.com/browse/photos/6843943655739068416?filter=6268417501073629186,https://images2.dwell.com/photos/6133527995429490688/6843943655739068416/original.jpg
89,7c6f066b-6353-11ee-a8f8-b7faa03e0624,https://www.dwell.com/browse/photos/6843943076240281600?filter=6268417501073629186,https://images2.dwell.com/photos/6133527995429490688/6843943076240281600/original.jpg
90,7c6f066c-6353-11ee-a8f8-b7faa03e0624,https://www.dwell.com/browse/photos/6838607962471059456?filter=6268417501073629186,https://images2.dwell.com/photos/6604448812773617664/6838607962471059456/original.jpg
91,7c6f066d-6353-11ee-a8f8-b7faa03e0624,https://www.dwell.com/browse/photos/6838607961923112960?filter=6268417501073629186,https://images2.dwell.com/photos/6604448812773617664/6838607961923112960/original.jpg
92,7c6f066e-6353-11ee-a8f8-b7faa03e0624,https://www.dwell.com/browse/photos/6838166581756301312?filter=6268417501073629186,https://images2.dwell.com/photos/6575684823601102848/6838166581756301312/original.jpg
93,7c6f066f-6353-11ee-a8f8-b7faa03e0624,https://www.dwell.com/browse/photos/6841058773337767936?filter=6268417501073629186,https://images2.dwell.com/photos/6463379019623079936/6841058773337767936/original.jpg
94,7c6f0670-6353-11ee-a8f8-b7faa03e0624,https://www.dwell.com/browse/photos/6838432121925955584?filter=6268417501073629186,https://images2.dwell.com/photos/6575684823601102848/6838432121925955584/original.jpg
95,7c6f0671-6353-11ee-a8f8-b7faa03e0624,https://www.dwell.com/browse/photos/6838432122530172928?filter=6268417501073629186,https://images2.dwell.com/photos/6575684823601102848/6838432122530172928/original.jpg
96,7c6f0672-6353-11ee-a8f8-b7faa03e0624,https://www.dwell.com/browse/photos/6837767708279361536?filter=6268417501073629186,https://images2.dwell.com/photos/6463379019623079936/6837767708279361536/original.jpg
97,7c6f0673-6353-11ee-a8f8-b7faa03e0624,https://www.dwell.com/browse/photos/6842920332674781184?filter=6268417501073629186,https://images2.dwell.com/photos/6063391372700811264/6842920332674781184/original.jpg
98,7c6f0674-6353-11ee-a8f8-b7faa03e0624,https://www.dwell.com/browse/photos/6840738763547070464?filter=6268417501073629186,https://images2.dwell.com/photos/6063391372700811264/6840738763547070464/original.jpg
99,7c6f0675-6353-11ee-a8f8-b7faa03e0624,https://www.dwell.com/browse/photos/6840738763898232832?filter=6268417501073629186,https://images2.dwell.com/photos/6063391372700811264/6840738763898232832/original.jpg
100,7c6f0676-6353-11ee-a8f8-b7faa03e0624,https://www.dwell.com/browse/photos/6842818293163839488?filter=6268417501073629186,https://images2.dwell.com/photos/6063391372700811264/6842818293163839488/original.jpg
101,7c6f0677-6353-11ee-a8f8-b7faa03e0624,https://www.dwell.com/browse/photos/6819723318543228928?filter=6268417501073629186,https://images2.dwell.com/photos/6063391372700811264/6819723318543228928/original.jpg
102,7c6f0678-6353-11ee-a8f8-b7faa03e0624,https://www.dwell.com/browse/photos/6819673062255452160?filter=6268417501073629186,https://images2.dwell.com/photos/6063391372700811264/6819673062255452160/original.jpg
103,7c6f0679-6353-11ee-a8f8-b7faa03e0624,https://www.dwell.com/browse/photos/6819653987478298624?filter=6268417501073629186,https://images2.dwell.com/photos/6063391372700811264/6819653987478298624/original.jpg
104,7c6f067a-6353-11ee-a8f8-b7faa03e0624,https://www.dwell.com/browse/photos/6819680792329744384?filter=6268417501073629186,https://images2.dwell.com/photos/6063391372700811264/6819680792329744384/original.jpg
105,7c6f067b-6353-11ee-a8f8-b7faa03e0624,https://www.dwell.com/browse/photos/6820004103735635968?filter=6268417501073629186,https://images2.dwell.com/photos/6063391372700811264/6820004103735635968/original.jpg
106,7c6f067c-6353-11ee-a8f8-b7faa03e0624,https://www.dwell.com/browse/photos/6819986541774073856?filter=6268417501073629186,https://images2.dwell.com/photos/6063391372700811264/6819986541774073856/original.jpg
107,7c6f067d-6353-11ee-a8f8-b7faa03e0624,https://www.dwell.com/browse/photos/6819986495582896128?filter=6268417501073629186,https://images2.dwell.com/photos/6063391372700811264/6819986495582896128/original.jpg
108,7c6f067e-6353-11ee-a8f8-b7faa03e0624,https://www.dwell.com/browse/photos/6819977452359426048?filter=6268417501073629186,https://images2.dwell.com/photos/6063391372700811264/6819977452359426048/original.jpg
109,7c6f067f-6353-11ee-a8f8-b7faa03e0624,https://www.dwell.com/browse/photos/6834073604920430592?filter=6268417501073629186,https://images2.dwell.com/photos/6833336696003067904/6834073604920430592/original.jpg
110,7c6f0680-6353-11ee-a8f8-b7faa03e0624,https://www.dwell.com/browse/photos/6834073604483522560?filter=6268417501073629186,https://images2.dwell.com/photos/6833336696003067904/6834073604483522560/original.jpg
111,7c6f0681-6353-11ee-a8f8-b7faa03e0624,https://www.dwell.com/browse/photos/6834073597783957504?filter=6268417501073629186,https://images2.dwell.com/photos/6833336696003067904/6834073597783957504/original.jpg
112,7c6f0682-6353-11ee-a8f8-b7faa03e0624,https://www.dwell.com/browse/photos/6839551753711357952?filter=6268417501073629186,https://images2.dwell.com/photos/6133527995429490688/6839551753711357952/original.jpg
113,7c6f0683-6353-11ee-a8f8-b7faa03e0624,https://www.dwell.com/browse/photos/6839551561313132544?filter=6268417501073629186,https://images2.dwell.com/photos/6133527995429490688/6839551561313132544/original.jpg
114,7c6f0684-6353-11ee-a8f8-b7faa03e0624,https://www.dwell.com/browse/photos/6836096251283243008?filter=6268417501073629186,https://images2.dwell.com/photos/6818593201364905984/6836096251283243008/original.jpg
115,7c6f0685-6353-11ee-a8f8-b7faa03e0624,https://www.dwell.com/browse/photos/6836096250829303808?filter=6268417501073629186,https://images2.dwell.com/photos/6818593201364905984/6836096250829303808/original.jpg
116,7c6f0686-6353-11ee-a8f8-b7faa03e0624,https://www.dwell.com/browse/photos/6841013985563561984?filter=6268417501073629186,https://images2.dwell.com/photos/6839055138490191872/6841013985563561984/original.jpg
117,7c6f0687-6353-11ee-a8f8-b7faa03e0624,https://www.dwell.com/browse/photos/6819694808409931776?filter=6268417501073629186,https://images2.dwell.com/photos/6063391372700811264/6819694808409931776/original.jpg
118,7c6f0688-6353-11ee-a8f8-b7faa03e0624,https://www.dwell.com/browse/photos/6819694761207103488?filter=6268417501073629186,https://images2.dwell.com/photos/6063391372700811264/6819694761207103488/original.jpg
119,7c6f0689-6353-11ee-a8f8-b7faa03e0624,https://www.dwell.com/browse/photos/6836359210634563584?filter=6268417501073629186,https://images2.dwell.com/photos/6818593201364905984/6836359210634563584/original.jpg
120,7c6f068a-6353-11ee-a8f8-b7faa03e0624,https://www.dwell.com/browse/photos/6836359212543516672?filter=6268417501073629186,https://images2.dwell.com/photos/6818593201364905984/6836359212543516672/original.jpg
121,7c6f068b-6353-11ee-a8f8-b7faa03e0624,https://www.dwell.com/browse/photos/6836359209745240064?filter=6268417501073629186,https://images2.dwell.com/photos/6818593201364905984/6836359209745240064/original.jpg
122,7c6f068c-6353-11ee-a8f8-b7faa03e0624,https://www.dwell.com/browse/photos/6362042659387899904?filter=6268417501073629186,https://images2.dwell.com/photos/6063391372700811264/6362042659387899904/original.jpg
123,7c6f068d-6353-11ee-a8f8-b7faa03e0624,https://www.dwell.com/browse/photos/6817848656233406464?filter=6268417501073629186,https://images2.dwell.com/photos/6063391372700811264/6817848656233406464/original.jpg
124,7c6f068e-6353-11ee-a8f8-b7faa03e0624,https://www.dwell.com/browse/photos/6810531083893207040?filter=6268417501073629186,https://images2.dwell.com/photos/6063391372700811264/6810531083893207040/original.jpg
125,7c6f068f-6353-11ee-a8f8-b7faa03e0624,https://www.dwell.com/browse/photos/6835676065315926016?filter=6268417501073629186,https://images2.dwell.com/photos/6308457958906204160/6835676065315926016/original.jpg
126,7c6f0690-6353-11ee-a8f8-b7faa03e0624,https://www.dwell.com/browse/photos/6830688119656816640?filter=6268417501073629186,https://images2.dwell.com/photos/6711721526265430016/6830688119656816640/original.jpg
127,7c6f0691-6353-11ee-a8f8-b7faa03e0624,https://www.dwell.com/browse/photos/6826706238357073920?filter=6268417501073629186,https://images2.dwell.com/photos/6272473203005894656/6826706238357073920/original.jpg
128,7c6f0692-6353-11ee-a8f8-b7faa03e0624,https://www.dwell.com/browse/photos/6833581368947871744?filter=6268417501073629186,https://images2.dwell.com/photos/6272473203005894656/6833581368947871744/original.jpg
129,7c6f0693-6353-11ee-a8f8-b7faa03e0624,https://www.dwell.com/browse/photos/6829072938598629376?filter=6268417501073629186,https://images2.dwell.com/photos/6575684823601102848/6829072938598629376/original.jpg
130,7c6f0694-6353-11ee-a8f8-b7faa03e0624,https://www.dwell.com/browse/photos/6821029903041785856?filter=6268417501073629186,https://images2.dwell.com/photos/6805467507528253440/6821029903041785856/original.jpg
131,7c6f0695-6353-11ee-a8f8-b7faa03e0624,https://www.dwell.com/browse/photos/6825108614208688128?filter=6268417501073629186,https://images2.dwell.com/photos/6604448812773617664/6825108614208688128/original.jpg
132,7c6f0696-6353-11ee-a8f8-b7faa03e0624,https://www.dwell.com/browse/photos/6825108660326096896?filter=6268417501073629186,https://images2.dwell.com/photos/6604448812773617664/6825108660326096896/original.jpg
133,7c6f0697-6353-11ee-a8f8-b7faa03e0624,https://www.dwell.com/browse/photos/6826988265552740352?filter=6268417501073629186,https://images2.dwell.com/photos/6531268541891756032/6826988265552740352/original.jpg
134,7c6f0698-6353-11ee-a8f8-b7faa03e0624,https://www.dwell.com/browse/photos/6833425079246049280?filter=6268417501073629186,https://images2.dwell.com/photos/6063391372700811264/6833425079246049280/original.jpg
135,7c6f0699-6353-11ee-a8f8-b7faa03e0624,https://www.dwell.com/browse/photos/6802684793782169600?filter=6268417501073629186,https://images2.dwell.com/photos/6133527995429490688/6802684793782169600/original.jpg
136,7c6f069a-6353-11ee-a8f8-b7faa03e0624,https://www.dwell.com/browse/photos/6812800171888160768?filter=6268417501073629186,https://images2.dwell.com/photos/6063391372700811264/6812800171888160768/original.jpg
137,7c6f069b-6353-11ee-a8f8-b7faa03e0624,https://www.dwell.com/browse/photos/6823392312017342464?filter=6268417501073629186,https://images2.dwell.com/photos/6133431940611203072/6823392312017342464/original.jpg
138,7c6f069c-6353-11ee-a8f8-b7faa03e0624,https://www.dwell.com/browse/photos/6825992162345074688?filter=6268417501073629186,https://images2.dwell.com/photos/6272473203005894656/6825992162345074688/original.jpg
139,7c6f069d-6353-11ee-a8f8-b7faa03e0624,https://www.dwell.com/browse/photos/6825992161888116736?filter=6268417501073629186,https://images2.dwell.com/photos/6272473203005894656/6825992161888116736/original.jpg
140,7c6f069e-6353-11ee-a8f8-b7faa03e0624,https://www.dwell.com/browse/photos/6825136220858908672?filter=6268417501073629186,https://images2.dwell.com/photos/6604448812773617664/6825136220858908672/original.jpg
141,7c6f069f-6353-11ee-a8f8-b7faa03e0624,https://www.dwell.com/browse/photos/6826006134553165824?filter=6268417501073629186,https://images2.dwell.com/photos/6133435856926433280/6826006134553165824/original.jpg
142,7c6f06a0-6353-11ee-a8f8-b7faa03e0624,https://www.dwell.com/browse/photos/6823620623730155520?filter=6268417501073629186,https://images2.dwell.com/photos/6575684823601102848/6823620623730155520/original.jpg
143,7c6f06a1-6353-11ee-a8f8-b7faa03e0624,https://www.dwell.com/browse/photos/6820260721309122560?filter=6268417501073629186,https://images2.dwell.com/photos/6805467507528253440/6820260721309122560/original.jpg
144,7c6f06a2-6353-11ee-a8f8-b7faa03e0624,https://www.dwell.com/browse/photos/6823318632747085824?filter=6268417501073629186,https://images2.dwell.com/photos/6063391372700811264/6823318632747085824/original.jpg
145,7c6f06a3-6353-11ee-a8f8-b7faa03e0624,https://www.dwell.com/browse/photos/6823284379250479104?filter=6268417501073629186,https://images2.dwell.com/photos/6575684823601102848/6823284379250479104/original.jpg
146,7c6f06a4-6353-11ee-a8f8-b7faa03e0624,https://www.dwell.com/browse/photos/6822970093896962048?filter=6268417501073629186,https://images2.dwell.com/photos/6063391372700811264/6822970093896962048/original.jpg
147,7c6f06a5-6353-11ee-a8f8-b7faa03e0624,https://www.dwell.com/browse/photos/6820377065511178240?filter=6268417501073629186,https://images2.dwell.com/photos/6063391372700811264/6820377065511178240/original.jpg
148,7c6f06a6-6353-11ee-a8f8-b7faa03e0624,https://www.dwell.com/browse/photos/6821513934948765696?filter=6268417501073629186,https://images2.dwell.com/photos/6463379019623079936/6821513934948765696/original.jpg
149,7c6f06a7-6353-11ee-a8f8-b7faa03e0624,https://www.dwell.com/browse/photos/6819313486726135808?filter=6268417501073629186,https://images2.dwell.com/photos/6604448812773617664/6819313486726135808/original.jpg
150,7c6f06a8-6353-11ee-a8f8-b7faa03e0624,https://www.dwell.com/browse/photos/6812811781475270656?filter=6268417501073629186,https://images2.dwell.com/photos/6692216480913739776/6812811781475270656/original.png
151,7c6f06a9-6353-11ee-a8f8-b7faa03e0624,https://www.dwell.com/browse/photos/6819473880831389696?filter=6268417501073629186,https://images2.dwell.com/photos/6272473203005894656/6819473880831389696/original.jpg
152,7c6f06aa-6353-11ee-a8f8-b7faa03e0624,https://www.dwell.com/browse/photos/6820692666913878016?filter=6268417501073629186,https://images2.dwell.com/photos/6063391372700811264/6820692666913878016/original.jpg
153,7c6f06ab-6353-11ee-a8f8-b7faa03e0624,https://www.dwell.com/browse/photos/6818864258672128000?filter=6268417501073629186,https://images2.dwell.com/photos/6805467507528253440/6818864258672128000/original.jpg
154,7c6f06ac-6353-11ee-a8f8-b7faa03e0624,https://www.dwell.com/browse/photos/6772101309103521792?filter=6268417501073629186,https://images2.dwell.com/photos/6767062493907206144/6772101309103521792/original.jpg
155,7c6f06ad-6353-11ee-a8f8-b7faa03e0624,https://www.dwell.com/browse/photos/6772101309502046208?filter=6268417501073629186,https://images2.dwell.com/photos/6767062493907206144/6772101309502046208/original.jpg
156,7c6f06ae-6353-11ee-a8f8-b7faa03e0624,https://www.dwell.com/browse/photos/6818340095719768064?filter=6268417501073629186,https://images2.dwell.com/photos/6696836461368389632/6818340095719768064/original.jpg
157,7c6f06af-6353-11ee-a8f8-b7faa03e0624,https://www.dwell.com/browse/photos/6818567822955421696?filter=6268417501073629186,https://images2.dwell.com/photos/6063391372700811264/6818567822955421696/original.jpg
158,7c6f06b0-6353-11ee-a8f8-b7faa03e0624,https://www.dwell.com/browse/photos/6824105273818132480?filter=6268417501073629186,https://images2.dwell.com/photos/6063391372700811264/6824105273818132480/original.jpg
159,7c6f06b1-6353-11ee-a8f8-b7faa03e0624,https://www.dwell.com/browse/photos/6811499817240907776?filter=6268417501073629186,https://images2.dwell.com/photos/6711721526265430016/6811499817240907776/original.jpg
160,7c6f06b2-6353-11ee-a8f8-b7faa03e0624,https://www.dwell.com/browse/photos/6816054199081410560?filter=6268417501073629186,https://images2.dwell.com/photos/6575684823601102848/6816054199081410560/original.jpg
161,7c6f06b3-6353-11ee-a8f8-b7faa03e0624,https://www.dwell.com/browse/photos/6816095513586561024?filter=6268417501073629186,https://images2.dwell.com/photos/6567211874477248512/6816095513586561024/original.jpg
162,7c6f06b4-6353-11ee-a8f8-b7faa03e0624,https://www.dwell.com/browse/photos/6816095514456969216?filter=6268417501073629186,https://images2.dwell.com/photos/6567211874477248512/6816095514456969216/original.jpg
163,7c6f06b5-6353-11ee-a8f8-b7faa03e0624,https://www.dwell.com/browse/photos/6816417118634954752?filter=6268417501073629186,https://images2.dwell.com/photos/6063391372700811264/6816417118634954752/original.jpg
164,7c6f06b6-6353-11ee-a8f8-b7faa03e0624,https://www.dwell.com/browse/photos/6815330921551974400?filter=6268417501073629186,https://images2.dwell.com/photos/6063391372700811264/6815330921551974400/original.jpg
165,7c6f06b7-6353-11ee-a8f8-b7faa03e0624,https://www.dwell.com/browse/photos/6808977341193035776?filter=6268417501073629186,https://images2.dwell.com/photos/6272473203005894656/6808977341193035776/original.jpg
166,7c6f06b8-6353-11ee-a8f8-b7faa03e0624,https://www.dwell.com/browse/photos/6802766095113015296?filter=6268417501073629186,https://images2.dwell.com/photos/6272473203005894656/6802766095113015296/original.jpg
167,7c6f06b9-6353-11ee-a8f8-b7faa03e0624,https://www.dwell.com/browse/photos/6808786465781215232?filter=6268417501073629186,https://images2.dwell.com/photos/6592949745851789312/6808786465781215232/original.jpg
168,7c6f06ba-6353-11ee-a8f8-b7faa03e0624,https://www.dwell.com/browse/photos/6814248205414793216?filter=6268417501073629186,https://images2.dwell.com/photos/6676846327473246208/6814248205414793216/original.jpg
169,7c6f06bb-6353-11ee-a8f8-b7faa03e0624,https://www.dwell.com/browse/photos/6814248212776927232?filter=6268417501073629186,https://images2.dwell.com/photos/6676846327473246208/6814248212776927232/original.jpg
170,7c6f06bc-6353-11ee-a8f8-b7faa03e0624,https://www.dwell.com/browse/photos/6814248218375192576?filter=6268417501073629186,https://images2.dwell.com/photos/6676846327473246208/6814248218375192576/original.jpg
171,7c6f06bd-6353-11ee-a8f8-b7faa03e0624,https://www.dwell.com/browse/photos/6814117368509145088?filter=6268417501073629186,https://images2.dwell.com/photos/6488407258118639616/6814117368509145088/original.jpg
172,7c6f06be-6353-11ee-a8f8-b7faa03e0624,https://www.dwell.com/browse/photos/6814117370967588864?filter=6268417501073629186,https://images2.dwell.com/photos/6488407258118639616/6814117370967588864/original.jpg
173,7c6f06bf-6353-11ee-a8f8-b7faa03e0624,https://www.dwell.com/browse/photos/6806153007196041216?filter=6268417501073629186,https://images2.dwell.com/photos/6539515315049381888/6806153007196041216/original.jpg
174,7c6f06c0-6353-11ee-a8f8-b7faa03e0624,https://www.dwell.com/browse/photos/6800506866172092416?filter=6268417501073629186,https://images2.dwell.com/photos/6133431940611203072/6800506866172092416/original.jpg
175,7c6f06c1-6353-11ee-a8f8-b7faa03e0624,https://www.dwell.com/browse/photos/6811447512186458112?filter=6268417501073629186,https://images2.dwell.com/photos/6604448812773617664/6811447512186458112/original.jpg
176,7c6f06c2-6353-11ee-a8f8-b7faa03e0624,https://www.dwell.com/browse/photos/6806751386885312512?filter=6268417501073629186,https://images2.dwell.com/photos/6133527995429490688/6806751386885312512/original.jpg
177,7c6f06c3-6353-11ee-a8f8-b7faa03e0624,https://www.dwell.com/browse/photos/6802608710269874176?filter=6268417501073629186,https://images2.dwell.com/photos/6301044927817658368/6802608710269874176/original.jpg
178,7c6f06c4-6353-11ee-a8f8-b7faa03e0624,https://www.dwell.com/browse/photos/6806750739634229248?filter=6268417501073629186,https://images2.dwell.com/photos/6604448812773617664/6806750739634229248/original.jpg
179,7c6f06c5-6353-11ee-a8f8-b7faa03e0624,https://www.dwell.com/browse/photos/6794731560528543744?filter=6268417501073629186,https://images2.dwell.com/photos/6645821216319606784/6794731560528543744/original.jpg
180,7c6f06c6-6353-11ee-a8f8-b7faa03e0624,https://www.dwell.com/browse/photos/6794731559725383680?filter=6268417501073629186,https://images2.dwell.com/photos/6645821216319606784/6794731559725383680/original.jpg
181,7c6f06c7-6353-11ee-a8f8-b7faa03e0624,https://www.dwell.com/browse/photos/6794731560301600768?filter=6268417501073629186,https://images2.dwell.com/photos/6645821216319606784/6794731560301600768/original.jpg
182,7c6f06c8-6353-11ee-a8f8-b7faa03e0624,https://www.dwell.com/browse/photos/6806606209159942144?filter=6268417501073629186,https://images2.dwell.com/photos/6676846327473246208/6806606209159942144/original.jpg
183,7c6f06c9-6353-11ee-a8f8-b7faa03e0624,https://www.dwell.com/browse/photos/6805825754854154240?filter=6268417501073629186,https://images2.dwell.com/photos/6575684823601102848/6805825754854154240/original.jpg
184,7c6f06ca-6353-11ee-a8f8-b7faa03e0624,https://www.dwell.com/browse/photos/6805825763655475200?filter=6268417501073629186,https://images2.dwell.com/photos/6575684823601102848/6805825763655475200/original.jpg
185,7c6f06cb-6353-11ee-a8f8-b7faa03e0624,https://www.dwell.com/browse/photos/6806531519430590464?filter=6268417501073629186,https://images2.dwell.com/photos/6539515315049381888/6806531519430590464/original.jpg
186,7c6f06cc-6353-11ee-a8f8-b7faa03e0624,https://www.dwell.com/browse/photos/6804017770350051328?filter=6268417501073629186,https://images2.dwell.com/photos/6063391372700811264/6804017770350051328/original.jpg
187,7c6f06cd-6353-11ee-a8f8-b7faa03e0624,https://www.dwell.com/browse/photos/6805709306414891008?filter=6268417501073629186,https://images2.dwell.com/photos/6645821216319606784/6805709306414891008/original.jpg
188,7c6f06ce-6353-11ee-a8f8-b7faa03e0624,https://www.dwell.com/browse/photos/6805666989571559424?filter=6268417501073629186,https://images2.dwell.com/photos/6133527995429490688/6805666989571559424/original.jpg
189,7c6f06cf-6353-11ee-a8f8-b7faa03e0624,https://www.dwell.com/browse/photos/6805958694490943488?filter=6268417501073629186,https://images2.dwell.com/photos/6063391372700811264/6805958694490943488/original.jpg
190,7c6f06d0-6353-11ee-a8f8-b7faa03e0624,https://www.dwell.com/browse/photos/6799179810280759296?filter=6268417501073629186,https://images2.dwell.com/photos/6645821216319606784/6799179810280759296/original.jpg
191,7c6f06d1-6353-11ee-a8f8-b7faa03e0624,https://www.dwell.com/browse/photos/6796956423464554496?filter=6268417501073629186,https://images2.dwell.com/photos/6645821216319606784/6796956423464554496/original.jpg
192,7c6f06d2-6353-11ee-a8f8-b7faa03e0624,https://www.dwell.com/browse/photos/6796956560542797824?filter=6268417501073629186,https://images2.dwell.com/photos/6645821216319606784/6796956560542797824/original.jpg
193,7c6f06d3-6353-11ee-a8f8-b7faa03e0624,https://www.dwell.com/browse/photos/6796956223390236672?filter=6268417501073629186,https://images2.dwell.com/photos/6645821216319606784/6796956223390236672/original.jpg
194,7c6f06d4-6353-11ee-a8f8-b7faa03e0624,https://www.dwell.com/browse/photos/6802684468267921408?filter=6268417501073629186,https://images2.dwell.com/photos/6133527995429490688/6802684468267921408/original.jpg
195,7c6f06d5-6353-11ee-a8f8-b7faa03e0624,https://www.dwell.com/browse/photos/6801068863335763968?filter=6268417501073629186,https://images2.dwell.com/photos/6133435856926433280/6801068863335763968/original.jpg
196,7c6f06d6-6353-11ee-a8f8-b7faa03e0624,https://www.dwell.com/browse/photos/6800357254813220864?filter=6268417501073629186,https://images2.dwell.com/photos/6575684823601102848/6800357254813220864/original.jpg
197,7c6f06d7-6353-11ee-a8f8-b7faa03e0624,https://www.dwell.com/browse/photos/6802842796257890304?filter=6268417501073629186,https://images2.dwell.com/photos/6575684823601102848/6802842796257890304/original.jpg
198,7c6f06d8-6353-11ee-a8f8-b7faa03e0624,https://www.dwell.com/browse/photos/6802842791795150848?filter=6268417501073629186,https://images2.dwell.com/photos/6575684823601102848/6802842791795150848/original.jpg
199,7c6f06d9-6353-11ee-a8f8-b7faa03e0624,https://www.dwell.com/browse/photos/6795872260946788352?filter=6268417501073629186,https://images2.dwell.com/photos/6531268541891756032/6795872260946788352/original.jpg
200,7c6f06da-6353-11ee-a8f8-b7faa03e0624,https://www.dwell.com/browse/photos/6796272968522121216?filter=6268417501073629186,https://images2.dwell.com/photos/6242537032151076864/6796272968522121216/original.jpg
201,7c6f06db-6353-11ee-a8f8-b7faa03e0624,https://www.dwell.com/browse/photos/6798749166830428160?filter=6268417501073629186,https://images2.dwell.com/photos/6308457958906204160/6798749166830428160/original.jpg
202,7c6f06dc-6353-11ee-a8f8-b7faa03e0624,https://www.dwell.com/browse/photos/6801525018572746752?filter=6268417501073629186,https://images2.dwell.com/photos/6328431439726800896/6801525018572746752/original.jpg
203,7c6f06dd-6353-11ee-a8f8-b7faa03e0624,https://www.dwell.com/browse/photos/6797215570910982144?filter=6268417501073629186,https://images2.dwell.com/photos/6676846327473246208/6797215570910982144/original.jpg
204,7c6f06de-6353-11ee-a8f8-b7faa03e0624,https://www.dwell.com/browse/photos/6786711011962953728?filter=6268417501073629186,https://images2.dwell.com/photos/6645821216319606784/6786711011962953728/original.jpg
205,7c6f06df-6353-11ee-a8f8-b7faa03e0624,https://www.dwell.com/browse/photos/6786711841751007232?filter=6268417501073629186,https://images2.dwell.com/photos/6645821216319606784/6786711841751007232/original.jpg
206,7c6f06e0-6353-11ee-a8f8-b7faa03e0624,https://www.dwell.com/browse/photos/6786712073178161152?filter=6268417501073629186,https://images2.dwell.com/photos/6645821216319606784/6786712073178161152/original.jpg
207,7c6f06e1-6353-11ee-a8f8-b7faa03e0624,https://www.dwell.com/browse/photos/6786710297620537344?filter=6268417501073629186,https://images2.dwell.com/photos/6645821216319606784/6786710297620537344/original.jpg
208,7c6f06e2-6353-11ee-a8f8-b7faa03e0624,https://www.dwell.com/browse/photos/6799364072758308864?filter=6268417501073629186,https://images2.dwell.com/photos/6676846327473246208/6799364072758308864/original.jpg
209,7c6f06e3-6353-11ee-a8f8-b7faa03e0624,https://www.dwell.com/browse/photos/6799364067329884160?filter=6268417501073629186,https://images2.dwell.com/photos/6676846327473246208/6799364067329884160/original.jpg
210,7c6f06e4-6353-11ee-a8f8-b7faa03e0624,https://www.dwell.com/browse/photos/6799364365527506944?filter=6268417501073629186,https://images2.dwell.com/photos/6676846327473246208/6799364365527506944/original.jpg
211,7c6f06e5-6353-11ee-a8f8-b7faa03e0624,https://www.dwell.com/browse/photos/6797751458464194560?filter=6268417501073629186,https://images2.dwell.com/photos/6133553759298379776/6797751458464194560/original.jpg
212,7c6f06e6-6353-11ee-a8f8-b7faa03e0624,https://www.dwell.com/browse/photos/6797751527627825152?filter=6268417501073629186,https://images2.dwell.com/photos/6133553759298379776/6797751527627825152/original.jpg
213,7c6f06e7-6353-11ee-a8f8-b7faa03e0624,https://www.dwell.com/browse/photos/6797751543108313088?filter=6268417501073629186,https://images2.dwell.com/photos/6133553759298379776/6797751543108313088/original.jpg
214,7c6f06e8-6353-11ee-a8f8-b7faa03e0624,https://www.dwell.com/browse/photos/6797751615795638272?filter=6268417501073629186,https://images2.dwell.com/photos/6133553759298379776/6797751615795638272/original.jpg
215,7c6f06e9-6353-11ee-a8f8-b7faa03e0624,https://www.dwell.com/browse/photos/6779897720681271296?filter=6268417501073629186,https://images2.dwell.com/photos/6711721526265430016/6779897720681271296/original.jpg
216,7c6f06ea-6353-11ee-a8f8-b7faa03e0624,https://www.dwell.com/browse/photos/6779897453676519424?filter=6268417501073629186,https://images2.dwell.com/photos/6711721526265430016/6779897453676519424/original.jpg
217,7c6f06eb-6353-11ee-a8f8-b7faa03e0624,https://www.dwell.com/browse/photos/6816421468721213440?filter=6268417501073629186,https://images2.dwell.com/photos/6816420101977427968/6816421468721213440/original.jpg
218,7c6f06ec-6353-11ee-a8f8-b7faa03e0624,https://www.dwell.com/browse/photos/6824038552051351552?filter=6268417501073629186,https://images2.dwell.com/photos/6823994750134177792/6824038552051351552/original.jpg
219,7c6f06ed-6353-11ee-a8f8-b7faa03e0624,https://www.dwell.com/browse/photos/6815353065251328000?filter=6268417501073629186,https://images2.dwell.com/photos/6792556471932137472/6815353065251328000/original.jpg
220,7c6f06ee-6353-11ee-a8f8-b7faa03e0624,https://www.dwell.com/browse/photos/6800900183309676544?filter=6268417501073629186,https://images2.dwell.com/photos/6063391372700811264/6800900183309676544/original.jpg
221,7c6f06ef-6353-11ee-a8f8-b7faa03e0624,https://www.dwell.com/browse/photos/6797719044770725888?filter=6268417501073629186,https://images2.dwell.com/photos/6272473203005894656/6797719044770725888/original.jpg
222,7c6f06f0-6353-11ee-a8f8-b7faa03e0624,https://www.dwell.com/browse/photos/6389928987733082112?filter=6268417501073629186,https://images2.dwell.com/photos/6063391372700811264/6389928987733082112/original.jpg
223,7c6f06f1-6353-11ee-a8f8-b7faa03e0624,https://www.dwell.com/browse/photos/6719487274704957440?filter=6268417501073629186,https://images2.dwell.com/photos/6133527995429490688/6719487274704957440/original.jpg
224,7c6f06f2-6353-11ee-a8f8-b7faa03e0624,https://www.dwell.com/browse/photos/6792493046490329088?filter=6268417501073629186,https://images2.dwell.com/photos/6691330331594723328/6792493046490329088/original.jpg
225,7c6f06f3-6353-11ee-a8f8-b7faa03e0624,https://www.dwell.com/browse/photos/6794030536735600640?filter=6268417501073629186,https://images2.dwell.com/photos/6242537032151076864/6794030536735600640/original.jpg
226,7c6f06f4-6353-11ee-a8f8-b7faa03e0624,https://www.dwell.com/browse/photos/6794030533887242240?filter=6268417501073629186,https://images2.dwell.com/photos/6242537032151076864/6794030533887242240/original.jpg
227,7c6f06f5-6353-11ee-a8f8-b7faa03e0624,https://www.dwell.com/browse/photos/6788321700794347520?filter=6268417501073629186,https://images2.dwell.com/photos/6272473203005894656/6788321700794347520/original.jpg
228,7c6f06f6-6353-11ee-a8f8-b7faa03e0624,https://www.dwell.com/browse/photos/6795241700106887168?filter=6268417501073629186,https://images2.dwell.com/photos/6133527995429490688/6795241700106887168/original.jpg
229,7c6f06f7-6353-11ee-a8f8-b7faa03e0624,https://www.dwell.com/browse/photos/6795241112301801472?filter=6268417501073629186,https://images2.dwell.com/photos/6133527995429490688/6795241112301801472/original.jpg
230,7c6f06f8-6353-11ee-a8f8-b7faa03e0624,https://www.dwell.com/browse/photos/6797137594470031360?filter=6268417501073629186,https://images2.dwell.com/photos/6063391372700811264/6797137594470031360/original.jpg
231,7c6f06f9-6353-11ee-a8f8-b7faa03e0624,https://www.dwell.com/browse/photos/6793899919703617536?filter=6268417501073629186,https://images2.dwell.com/photos/6063391372700811264/6793899919703617536/original.jpg
232,7c6f06fa-6353-11ee-a8f8-b7faa03e0624,https://www.dwell.com/browse/photos/6793899901882281984?filter=6268417501073629186,https://images2.dwell.com/photos/6063391372700811264/6793899901882281984/original.jpg
233,7c6f06fb-6353-11ee-a8f8-b7faa03e0624,https://www.dwell.com/browse/photos/6795415919102918656?filter=6268417501073629186,https://images2.dwell.com/photos/6539515315049381888/6795415919102918656/original.jpg
234,7c6f06fc-6353-11ee-a8f8-b7faa03e0624,https://www.dwell.com/browse/photos/6794666481002504192?filter=6268417501073629186,https://images2.dwell.com/photos/6063391372700811264/6794666481002504192/original.jpg
235,7c6f06fd-6353-11ee-a8f8-b7faa03e0624,https://www.dwell.com/browse/photos/6794689111768993792?filter=6268417501073629186,https://images2.dwell.com/photos/6063391372700811264/6794689111768993792/original.jpg
236,7c6f06fe-6353-11ee-a8f8-b7faa03e0624,https://www.dwell.com/browse/photos/6795052243987333120?filter=6268417501073629186,https://images2.dwell.com/photos/6063391372700811264/6795052243987333120/original.jpg
237,7c6f06ff-6353-11ee-a8f8-b7faa03e0624,https://www.dwell.com/browse/photos/6795043746680561664?filter=6268417501073629186,https://images2.dwell.com/photos/6063391372700811264/6795043746680561664/original.jpg
238,7c6f0700-6353-11ee-a8f8-b7faa03e0624,https://www.dwell.com/browse/photos/6782664670133039104?filter=6268417501073629186,https://images2.dwell.com/photos/6567211874477248512/6782664670133039104/original.jpg
239,7c6f0701-6353-11ee-a8f8-b7faa03e0624,https://www.dwell.com/browse/photos/6792515595454656512?filter=6268417501073629186,https://images2.dwell.com/photos/6604448812773617664/6792515595454656512/original.jpg
240,7c6f0702-6353-11ee-a8f8-b7faa03e0624,https://www.dwell.com/browse/photos/6788415669832032256?filter=6268417501073629186,https://images2.dwell.com/photos/6575684823601102848/6788415669832032256/original.jpg
241,7c6f0703-6353-11ee-a8f8-b7faa03e0624,https://www.dwell.com/browse/photos/6788385195163877376?filter=6268417501073629186,https://images2.dwell.com/photos/6575684823601102848/6788385195163877376/original.jpg
242,7c6f0704-6353-11ee-a8f8-b7faa03e0624,https://www.dwell.com/browse/photos/6799360687566798848?filter=6268417501073629186,https://images2.dwell.com/photos/6328302925593456640/6799360687566798848/original.jpg
243,7c6f0705-6353-11ee-a8f8-b7faa03e0624,https://www.dwell.com/browse/photos/6800318061693538304?filter=6268417501073629186,https://images2.dwell.com/photos/6270864462166990848/6800318061693538304/original.jpg
244,7c6f0706-6353-11ee-a8f8-b7faa03e0624,https://www.dwell.com/browse/photos/6800845941762088960?filter=6268417501073629186,https://images2.dwell.com/photos/6800845496659279872/6800845941762088960/original.jpg
245,7c6f0707-6353-11ee-a8f8-b7faa03e0624,https://www.dwell.com/browse/photos/6768626752003637248?filter=6268417501073629186,https://images2.dwell.com/photos/6689905485912272896/6768626752003637248/original.jpg
246,7c6f0708-6353-11ee-a8f8-b7faa03e0624,https://www.dwell.com/browse/photos/6790627422215184384?filter=6268417501073629186,https://images2.dwell.com/photos/6301044927817658368/6790627422215184384/original.jpg
247,7c6f0709-6353-11ee-a8f8-b7faa03e0624,https://www.dwell.com/browse/photos/6785948596780990464?filter=6268417501073629186,https://images2.dwell.com/photos/6324749997659123712/6785948596780990464/original.jpg
248,7c6f070a-6353-11ee-a8f8-b7faa03e0624,https://www.dwell.com/browse/photos/6133483269905059840?filter=6268417501073629186,https://images2.dwell.com/photos/6063391372700811264/6133483269905059840/original.jpg
249,7c6f070b-6353-11ee-a8f8-b7faa03e0624,https://www.dwell.com/browse/photos/6653397177214660608?filter=6268417501073629186,https://images2.dwell.com/photos/6539515315049381888/6653397177214660608/original.jpg
250,7c6f070c-6353-11ee-a8f8-b7faa03e0624,https://www.dwell.com/browse/photos/6801874835526250496?filter=6268417501073629186,https://images2.dwell.com/photos/6794182108318351360/6801874835526250496/original.jpg
251,7c6f070d-6353-11ee-a8f8-b7faa03e0624,https://www.dwell.com/browse/photos/6802375863634018304?filter=6268417501073629186,https://images2.dwell.com/photos/6754793487032610816/6802375863634018304/original.jpg
252,7c6f070e-6353-11ee-a8f8-b7faa03e0624,https://www.dwell.com/browse/photos/6806684493137080320?filter=6268417501073629186,https://images2.dwell.com/photos/6134418842043179008/6806684493137080320/original.jpg
253,7c6f070f-6353-11ee-a8f8-b7faa03e0624,https://www.dwell.com/browse/photos/6806684438636818432?filter=6268417501073629186,https://images2.dwell.com/photos/6134418842043179008/6806684438636818432/original.jpg
254,7c6f0710-6353-11ee-a8f8-b7faa03e0624,https://www.dwell.com/browse/photos/6806684470941884416?filter=6268417501073629186,https://images2.dwell.com/photos/6134418842043179008/6806684470941884416/original.jpg
255,7c6f0711-6353-11ee-a8f8-b7faa03e0624,https://www.dwell.com/browse/photos/6806858732356026368?filter=6268417501073629186,https://images2.dwell.com/photos/6806857786553561088/6806858732356026368/original.jpg
256,7c6f0712-6353-11ee-a8f8-b7faa03e0624,https://www.dwell.com/browse/photos/6479999332530147328?filter=6268417501073629186,https://images2.dwell.com/photos/6328431439726800896/6479999332530147328/original.jpg
257,7c6f0713-6353-11ee-a8f8-b7faa03e0624,https://www.dwell.com/browse/photos/6805572221277466624?filter=6268417501073629186,https://images2.dwell.com/photos/6651539822746480640/6805572221277466624/original.jpg
258,7c6f0714-6353-11ee-a8f8-b7faa03e0624,https://www.dwell.com/browse/photos/6806173930019586048?filter=6268417501073629186,https://images2.dwell.com/photos/6445629481439195136/6806173930019586048/original.jpg
259,7c6f0715-6353-11ee-a8f8-b7faa03e0624,https://www.dwell.com/browse/photos/6806173930329329664?filter=6268417501073629186,https://images2.dwell.com/photos/6445629481439195136/6806173930329329664/original.jpg
260,7c6f0716-6353-11ee-a8f8-b7faa03e0624,https://www.dwell.com/browse/photos/6192469505333039104?filter=6268417501073629186,https://images2.dwell.com/photos/6063391372700811264/6192469505333039104/original.jpg
261,7c6f0717-6353-11ee-a8f8-b7faa03e0624,https://www.dwell.com/browse/photos/6133444247572824064?filter=6268417501073629186,https://images2.dwell.com/photos/6063391372700811264/6133444247572824064/original.jpg
262,7c6f0718-6353-11ee-a8f8-b7faa03e0624,https://www.dwell.com/browse/photos/6685863801320935424?filter=6268417501073629186,https://images2.dwell.com/photos/6063391372700811264/6685863801320935424/original.jpg
263,7c6f0719-6353-11ee-a8f8-b7faa03e0624,https://www.dwell.com/browse/photos/6192815757942095872?filter=6268417501073629186,https://images2.dwell.com/photos/6063391372700811264/6192815757942095872/original.jpg
264,7c6f071a-6353-11ee-a8f8-b7faa03e0624,https://www.dwell.com/browse/photos/6491831848462405632?filter=6268417501073629186,https://images2.dwell.com/photos/6133431940611203072/6491831848462405632/original.jpg
265,7c6f071b-6353-11ee-a8f8-b7faa03e0624,https://www.dwell.com/browse/photos/6348272375059963904?filter=6268417501073629186,https://images2.dwell.com/photos/6133431940611203072/6348272375059963904/original.jpg
266,7c6f071c-6353-11ee-a8f8-b7faa03e0624,https://www.dwell.com/browse/photos/6348223130156244992?filter=6268417501073629186,https://images2.dwell.com/photos/6301044927817658368/6348223130156244992/original.jpg
267,7c6f071d-6353-11ee-a8f8-b7faa03e0624,https://www.dwell.com/browse/photos/6302342107237298176?filter=6268417501073629186,https://images2.dwell.com/photos/6191803854900514816/6302342107237298176/original.jpg
268,7c6f071e-6353-11ee-a8f8-b7faa03e0624,https://www.dwell.com/browse/photos/6285339269050576896?filter=6268417501073629186,https://images2.dwell.com/photos/6285334111029678080/6285339269050576896/original.jpg
269,7c6f071f-6353-11ee-a8f8-b7faa03e0624,https://www.dwell.com/browse/photos/6133523572045234176?filter=6268417501073629186,https://images2.dwell.com/photos/6063391372700811264/6133523572045234176/original.jpg
